maker_id,maker_name,year,maker_group
1,ARCFOX,2017,BAIC Group
2,ARCFOX,2021,BAIC Group
3,ARCFOX,2022,BAIC Group
4,ARCFOX,2023,BAIC Group
5,ARCFOX,2024,BAIC Group
6,ARCFOX,2025,BAIC Group
7,Abarth,2015,FCA
8,Abarth,2016,FCA
9,Abarth,2020,FCA
10,Abarth,2021,Stellantis
11,Abarth,2022,Stellantis
12,Aiways,2020,Aiways
13,Aiways,2021,Aiways
14,Aiways,2022,Aiways
15,Aiways,2023,Aiways
16,Alexander Dennis,2023,NFI Group
17,Alexander Dennis,2024,NFI Group
18,Alfa Romeo,2008,FCA
19,Alfa Romeo,2009,FCA
20,Alfa Romeo,2010,FCA
21,Alfa Romeo,2011,FCA
22,Alfa Romeo,2012,FCA
23,Alfa Romeo,2013,FCA
24,Alfa Romeo,2015,FCA
25,Alfa Romeo,2016,FCA
26,Alfa Romeo,2017,FCA
27,Alfa Romeo,2018,FCA
28,Alfa Romeo,2019,FCA
29,Alfa Romeo,2020,FCA
30,Alfa Romeo,2021,Stellantis
31,Alfa Romeo,2022,Stellantis
32,Alfa Romeo,2023,Stellantis
33,Alfa Romeo,2024,Stellantis
34,Alpina,2012,Alpina
35,Alpina,2015,Alpina
36,Alpina,2016,Alpina
37,Alpina,2018,Alpina
38,Alpina,2020,Alpina
39,Alpina,2022,BMW
40,Alpina,2023,BMW
41,Alpina,2024,BMW
42,Arrinera,2016,Arrinera
43,Ashok Leyland,2021,Hinduja Group
44,Aston Martin,2010,Aston Martin
45,Aston Martin,2011,Aston Martin
46,Aston Martin,2012,Aston Martin
47,Aston Martin,2014,Aston Martin
48,Aston Martin,2015,Aston Martin
49,Aston Martin,2016,Aston Martin
50,Aston Martin,2018,Aston Martin
51,Aston Martin,2019,Aston Martin
52,Aston Martin,2020,Aston Martin
53,Aston Martin,2021,Aston Martin
54,Aston Martin,2022,Aston Martin
55,Aston Martin,2024,Aston Martin
56,Aston Martin,2025,Aston Martin
57,Audi,2008,VW Group
58,Audi,2009,VW Group
59,Audi,2010,VW Group
60,Audi,2011,VW Group
61,Audi,2012,VW Group
62,Audi,2013,VW Group
63,Audi,2014,VW Group
64,Audi,2015,VW Group
65,Audi,2016,VW Group
66,Audi,2017,VW Group
67,Audi,2018,VW Group
68,Audi,2019,VW Group
69,Audi,2020,VW Group
70,Audi,2021,VW Group
71,Audi,2022,VW Group
72,Audi,2023,VW Group
73,Audi,2024,VW Group
74,Audi,2025,VW Group
75,Aurus,2021,NAMI
76,Aurus,2022,NAMI
77,AvtoVAZ,2011,AvtoVAZ
78,AvtoVAZ,2012,AvtoVAZ
79,AvtoVAZ,2013,AvtoVAZ
80,AvtoVAZ,2014,AvtoVAZ
81,AvtoVAZ,2016,AvtoVAZ
82,AvtoVAZ,2018,AvtoVAZ
83,AvtoVAZ,2023,AvtoVAZ
84,AvtoVAZ,2024,AvtoVAZ
85,BAIC (Guangzhou),2016,BAIC Group
86,BAIC (Guangzhou),2017,BAIC Group
87,BAIC (Guangzhou),2018,BAIC Group
88,BAIC (Guangzhou),2019,BAIC Group
89,BAIC Foton,2025,BAIC Group
90,BAIC Motor,2012,BAIC Group
91,BAIC Motor,2013,BAIC Group
92,BAIC Motor,2014,BAIC Group
93,BAIC Motor,2015,BAIC Group
94,BAIC Motor,2016,BAIC Group
95,BAIC Motor,2017,BAIC Group
96,BAIC Motor,2018,BAIC Group
97,BAIC Motor,2019,BAIC Group
98,BAIC Motor,2020,BAIC Group
99,BAIC Motor,2021,BAIC Group
100,BAIC Motor,2024,BAIC Group
101,BAIC ORV,2019,BAIC Group
102,BAIC ORV,2020,BAIC Group
103,BAIC ORV,2021,BAIC Group
104,BAIC ORV,2022,BAIC Group
105,BAIC ORV,2023,BAIC Group
106,BAIC ORV,2024,BAIC Group
107,BAIC Ruili,2017,BAIC Group
108,BAIC Yinxiang,2015,BAIC Group
109,BAIC Yinxiang,2016,BAIC Group
110,BAIC Yinxiang,2017,BAIC Group
111,BAIC Yinxiang,2018,BAIC Group
112,BAIC Yinxiang,2019,BAIC Group
113,BAIC Zhenjiang,2016,BAIC Group
114,BAIC Zhenjiang,2017,BAIC Group
115,BAIC Zhenjiang,2018,BAIC Group
116,BAW,2020,BAIC Group
117,BAW,2022,BAIC Group
118,BAW,2023,Shandong Weiqiao Pioneering Group
119,BAW,2024,Shandong Weiqiao Pioneering Group
120,BMW,2008,BMW
121,BMW,2009,BMW
122,BMW,2010,BMW
123,BMW,2011,BMW
124,BMW,2012,BMW
125,BMW,2013,BMW
126,BMW,2014,BMW
127,BMW,2015,BMW
128,BMW,2016,BMW
129,BMW,2017,BMW
130,BMW,2018,BMW
131,BMW,2019,BMW
132,BMW,2020,BMW
133,BMW,2021,BMW
134,BMW,2022,BMW
135,BMW,2023,BMW
136,BMW,2024,BMW
137,BMW,2025,BMW
138,BMW Brilliance,2013,BMW Brilliance
139,BMW Brilliance,2014,BMW Brilliance
140,BMW Brilliance,2015,BMW Brilliance
141,BMW Brilliance,2016,BMW Brilliance
142,BMW Brilliance,2017,BMW Brilliance
143,BMW Brilliance,2018,BMW Brilliance
144,BMW Brilliance,2019,BMW Brilliance
145,BMW Brilliance,2020,BMW Brilliance
146,BMW Brilliance,2021,BMW Brilliance
147,BMW Brilliance,2022,BMW Brilliance
148,BMW Brilliance,2023,BMW Brilliance
149,BMW Brilliance,2024,BMW Brilliance
150,BMW Brilliance,2025,BMW Brilliance
151,BYD,2012,BYD
152,BYD,2013,BYD
153,BYD,2014,BYD
154,BYD,2015,BYD
155,BYD,2016,BYD
156,BYD,2017,BYD
157,BYD,2018,BYD
158,BYD,2019,BYD
159,BYD,2020,BYD
160,BYD,2021,BYD
161,BYD,2022,BYD
162,BYD,2023,BYD
163,BYD,2024,BYD
164,BYD,2025,BYD
165,Baoneng,2021,Baoneng Group
166,Baoneng,2023,Baoneng Group
167,Beijing Automobile Works,2013,BAIC Group
168,Beijing Automobile Works,2015,BAIC Group
169,Beijing Automobile Works,2017,BAIC Group
170,Beijing Automobile Works,2018,BAIC Group
171,Beijing Automobile Works,2019,BAIC Group
172,Beijing Benz,2013,BAIC Group
173,Beijing Benz,2014,BAIC Group
174,Beijing Benz,2015,BAIC Group
175,Beijing Benz,2016,BAIC Group
176,Beijing Benz,2017,BAIC Group
177,Beijing Benz,2018,BAIC Group
178,Beijing Benz,2019,BAIC Group
179,Beijing Benz,2020,BAIC Group
180,Beijing Benz,2021,BAIC Group
181,Beijing Benz,2022,BAIC Group
182,Beijing Benz,2023,BAIC Group
183,Beijing Benz,2024,BAIC Group
184,Beijing Borgward,2016,BAIC Group
185,Beijing Borgward,2017,BAIC Group
186,Beijing Borgward,2018,BAIC Group
187,Beijing Hyundai,2012,Hyundai Kia Automotive Group
188,Beijing Hyundai,2014,Hyundai Kia Automotive Group
189,Beijing Hyundai,2015,Hyundai Kia Automotive Group
190,Beijing Hyundai,2016,Hyundai Kia Automotive Group
191,Beijing Hyundai,2017,Hyundai Kia Automotive Group
192,Beijing Hyundai,2018,Hyundai Kia Automotive Group
193,Beijing Hyundai,2019,Hyundai Kia Automotive Group
194,Beijing Hyundai,2020,Hyundai Kia Automotive Group
195,Beijing Hyundai,2021,Hyundai Kia Automotive Group
196,Beijing Hyundai,2022,Hyundai Kia Automotive Group
197,Beijing Hyundai,2024,Hyundai Kia Automotive Group
198,Beiqi Foton,2012,BAIC Group
199,Beiqi Foton,2013,BAIC Group
200,Beiqi Foton,2016,BAIC Group
201,Beiqi Foton,2017,BAIC Group
202,Beiqi Foton,2018,BAIC Group
203,Beiqi Foton,2019,BAIC Group
204,Beiqi Foton,2020,BAIC Group
205,Beiqi Foton,2021,BAIC Group
206,Beiqi Foton,2022,BAIC Group
207,Beiqi Foton,2023,BAIC Group
208,Beiqi Foton,2024,BAIC Group
209,Bentley,2010,VW Group
210,Bentley,2011,VW Group
211,Bentley,2012,VW Group
212,Bentley,2013,VW Group
213,Bentley,2014,VW Group
214,Bentley,2015,VW Group
215,Bentley,2016,VW Group
216,Bentley,2017,VW Group
217,Bentley,2018,VW Group
218,Bentley,2019,VW Group
219,Bentley,2020,VW Group
220,Bentley,2021,VW Group
221,Bentley,2022,VW Group
222,Bisu,2017,Beiqi-Yinxiang Joint Venture
223,Brilliance,2013,Brilliance Automobile Group
224,Brilliance,2015,Brilliance Automobile Group
225,Brilliance,2016,Brilliance Automobile Group
226,Brilliance,2017,Brilliance Automobile Group
227,Brilliance,2018,Brilliance Automobile Group
228,Brilliance,2020,Brilliance Automobile Group
229,Brilliance Jinbei,2012,Brilliance Automobile Group
230,Brilliance Jinbei,2013,Brilliance Automobile Group
231,Brilliance Jinbei,2014,Brilliance Automobile Group
232,Brilliance Jinbei,2015,Brilliance Automobile Group
233,Brilliance Jinbei,2017,Brilliance Automobile Group
234,Brilliance Jinbei,2019,Brilliance Automobile Group
235,Brilliance Jinbei,2020,Brilliance Automobile Group
236,Brilliance SUNRA,2022,Brilliance Automobile Group
237,Brilliance Shineray,2017,Brilliance Automobile Group
238,Brilliance Shineray,2018,Brilliance Automobile Group
239,Brilliance Shineray,2019,Brilliance Automobile Group
240,Brilliance Shineray,2020,Brilliance Automobile Group
241,Bugatti,2010,VW Group
242,Bugatti,2012,VW Group
243,Bugatti,2014,VW Group
244,Bugatti,2016,VW Group
245,Changan,2012,Changan Automobile Group
246,Changan,2013,Changan Automobile Group
247,Changan,2014,Changan Automobile Group
248,Changan,2015,Changan Automobile Group
249,Changan,2016,Changan Automobile Group
250,Changan,2017,Changan Automobile Group
251,Changan,2018,Changan Automobile Group
252,Changan,2019,Changan Automobile Group
253,Changan,2020,Changan Automobile Group
254,Changan,2021,Changan Automobile Group
255,Changan,2022,Changan Automobile Group
256,Changan,2023,Changan Automobile Group
257,Changan,2024,Changan Automobile Group
258,Changan,2025,Changan Automobile Group
259,Changan EV,2019,Changan Automobile Group
260,Changan Ford,2013,Changan Automobile Group
261,Changan Ford,2014,Changan Automobile Group
262,Changan Ford,2015,Changan Automobile Group
263,Changan Ford,2016,Changan Automobile Group
264,Changan Ford,2017,Changan Automobile Group
265,Changan Ford,2018,Changan Automobile Group
266,Changan Ford,2019,Changan Automobile Group
267,Changan Ford,2020,Changan Automobile Group
268,Changan Ford,2021,Changan Automobile Group
269,Changan Ford,2022,Changan Automobile Group
270,Changan Ford,2023,Changan Automobile Group
271,Changan Ford,2024,Changan Automobile Group
272,Changan Kuayue,2023,Changan Automobile Group
273,Changan Kuayue,2024,Changan Automobile Group
274,Changan Mazda,2013,Mazda
275,Changan Mazda,2014,Mazda
276,Changan Mazda,2015,Mazda
277,Changan Mazda,2017,Mazda
278,Changan Mazda,2018,Mazda
279,Changan Mazda,2019,Mazda
280,Changan Mazda,2021,Mazda
281,Changan Mazda,2022,Mazda
282,Changan Mazda,2023,Mazda
283,Changan Mazda,2024,Mazda
284,Changan PSA,2014,Changan Automobile Group
285,Changan PSA,2015,Changan Automobile Group
286,Changan PSA,2016,Changan Automobile Group
287,Changan PSA,2017,Changan Automobile Group
288,Changan PSA,2018,Changan Automobile Group
289,Changan Suzuki,2012,Suzuki
290,Changan Suzuki,2013,Suzuki
291,Changan Suzuki,2014,Suzuki
292,Changan Suzuki,2015,Suzuki
293,Changan Suzuki,2016,Suzuki
294,Changan Suzuki,2017,Suzuki
295,Changan Suzuki,2018,Suzuki
296,Changan Suzuki,2019,Suzuki
297,Changan Volvo,2014,Changan Automobile Group
298,Changhe,2012,BAIC Group
299,Changhe,2013,BAIC Group
300,Changhe,2014,BAIC Group
301,Changhe,2015,BAIC Group
302,Changhe,2016,BAIC Group
303,Changhe,2017,BAIC Group
304,Changhe,2018,BAIC Group
305,Changhe,2019,BAIC Group
306,Changhe Suzuki,2013,Suzuki
307,Changhe Suzuki,2015,Suzuki
308,Changhe Suzuki,2016,Suzuki
309,Changhe Suzuki,2017,Suzuki
310,Changhe Suzuki,2018,Suzuki
311,Changhe Suzuki,2019,Suzuki
312,Chery,2010,Chery Automobile
313,Chery,2011,Chery Automobile
314,Chery,2012,Chery Automobile
315,Chery,2013,Chery Automobile
316,Chery,2014,Chery Automobile
317,Chery,2015,Chery Automobile
318,Chery,2016,Chery Automobile
319,Chery,2017,Chery Automobile
320,Chery,2018,Chery Automobile
321,Chery,2019,Chery Automobile
322,Chery,2020,Chery Automobile
323,Chery,2021,Chery Automobile
324,Chery,2022,Chery Automobile
325,Chery,2023,Chery Automobile
326,Chery,2024,Chery Automobile
327,Chery,2025,Chery Automobile
328,Chery Jaguar Land Rover,2015,Chery Automobile
329,Chery Jaguar Land Rover,2016,Chery Automobile
330,Chery Jaguar Land Rover,2017,Chery Automobile
331,Chery Jaguar Land Rover,2018,Chery Automobile
332,Chery Jaguar Land Rover,2019,Chery Automobile
333,Chery Jaguar Land Rover,2020,Chery Automobile
334,Chery Jaguar Land Rover,2021,Chery Automobile
335,Chery Jaguar Land Rover,2022,Chery Automobile
336,Chery New Energy,2016,Chery Automobile
337,Chery New Energy,2017,Chery Automobile
338,Chery New Energy,2018,Chery Automobile
339,Chery New Energy,2019,Chery Automobile
340,Chery New Energy,2020,Chery Automobile
341,Chery New Energy,2021,Chery Automobile
342,Chery New Energy,2022,Chery Automobile
343,Chery New Energy,2023,Chery Automobile
344,Chery New Energy,2024,Chery Automobile
345,Chery New Energy,2025,Chery Automobile
346,Chrysler,2010,FCA
347,Chrysler,2011,FCA
348,Chrysler,2012,FCA
349,Chrysler,2013,FCA
350,Chrysler,2014,FCA
351,Chrysler,2015,FCA
352,Chrysler,2016,FCA
353,Chrysler,2017,FCA
354,Chrysler,2018,FCA
355,Chrysler,2019,FCA
356,Chrysler,2020,FCA
357,Chrysler,2021,Stellantis
358,Chrysler,2022,Stellantis
359,Chrysler,2023,Stellantis
360,Chrysler,2024,Stellantis
361,Citroen,2008,PSA
362,Citroen,2009,PSA
363,Citroen,2010,PSA
364,Citroen,2011,PSA
365,Citroen,2012,PSA
366,Citroen,2013,PSA
367,Citroen,2014,PSA
368,Citroen,2015,PSA
369,Citroen,2016,PSA
370,Citroen,2017,PSA
371,Citroen,2018,PSA
372,Citroen,2020,PSA
373,Citroen,2021,Stellantis
374,Citroen,2022,Stellantis
375,Citroen,2023,Stellantis
376,Citroen,2024,Stellantis
377,Citroen,2025,Stellantis
378,Cowin,2018,Small and Medium OEM
379,Cowin,2020,Small and Medium OEM
380,DENZA New Energy,2016,Daimler Group
381,DENZA New Energy,2018,Daimler Group
382,DENZA New Energy,2020,Daimler Group
383,DENZA New Energy,2023,BYD Auto
384,DENZA New Energy,2024,BYD Auto
385,DENZA New Energy,2025,BYD Auto
386,DFSK,2014,Dongfeng
387,DFSK,2015,Dongfeng
388,DFSK,2016,Dongfeng
389,DFSK,2017,Dongfeng
390,DFSK,2018,Dongfeng
391,DFSK,2019,Dongfeng
392,DFSK,2020,Dongfeng
393,DFSK,2021,Dongfeng
394,DFSK,2022,Dongfeng
395,DFSK,2023,Dongfeng
396,DS Automobiles,2016,Stellantis
397,DS Automobiles,2018,Stellantis
398,DS Automobiles,2019,Stellantis
399,DS Automobiles,2020,Stellantis
400,DS Automobiles,2021,Stellantis
401,DS Automobiles,2022,Stellantis
402,DS Automobiles,2023,Stellantis
403,DS Automobiles,2024,Stellantis
404,Dacia,2009,Renault
405,Dacia,2010,Renault
406,Dacia,2011,Renault
407,Dacia,2017,Renault
408,Dacia,2022,Renault
409,Daihatsu,2008,Toyota Group
410,Daihatsu,2009,Toyota Group
411,Daihatsu,2010,Toyota Group
412,Daihatsu,2011,Toyota Group
413,Daihatsu,2012,Toyota Group
414,Daihatsu,2013,Toyota Group
415,Daihatsu,2014,Toyota Group
416,Daihatsu,2015,Toyota Group
417,Daihatsu,2016,Toyota Group
418,Daihatsu,2017,Toyota Group
419,Daihatsu,2018,Toyota Group
420,Daihatsu,2019,Toyota Group
421,Daihatsu,2020,Toyota Group
422,Daihatsu,2021,Toyota Group
423,Daihatsu,2022,Toyota Group
424,Daihatsu,2023,Toyota Group
425,Daihatsu,2024,Toyota Group
426,Daimler,2008,Daimler Group
427,Daimler,2009,Daimler Group
428,Daimler,2010,Daimler Group
429,Daimler,2011,Daimler Group
430,Daimler,2012,Daimler Group
431,Daimler,2013,Daimler Group
432,Daimler,2014,Daimler Group
433,Daimler,2015,Daimler Group
434,Daimler,2016,Daimler Group
435,Daimler,2017,Daimler Group
436,Daimler,2018,Daimler Group
437,Daimler,2019,Daimler Group
438,Daimler,2020,Daimler Group
439,Daimler,2021,Daimler Group
440,Daimler Truck,2015,Daimler Group
441,Daimler Truck,2023,Daimler Group
442,Dayun,2021,Small and Medium OEM
443,Dayun,2023,Small and Medium OEM
444,Dayun,2024,Small and Medium OEM
445,Deepal,2022,Changan Automobile Group
446,Deepal,2023,Changan Automobile Group
447,Deepal,2024,Changan Automobile Group
448,Dodge,2008,FCA
449,Dodge,2009,FCA
450,Dodge,2010,FCA
451,Dodge,2011,FCA
452,Dodge,2012,FCA
453,Dodge,2013,FCA
454,Dodge,2014,FCA
455,Dodge,2015,FCA
456,Dodge,2017,FCA
457,Dodge,2018,FCA
458,Dodge,2019,FCA
459,Dodge,2020,FCA
460,Dodge,2021,Stellantis
461,Dodge,2022,Stellantis
462,Dodge,2023,Stellantis
463,Dodge,2024,Stellantis
464,Dongfeng,2019,Dongfeng
465,Dongfeng Honda,2013,Dongfeng
466,Dongfeng Honda,2014,Dongfeng
467,Dongfeng Honda,2015,Dongfeng
468,Dongfeng Honda,2016,Dongfeng
469,Dongfeng Honda,2017,Dongfeng
470,Dongfeng Honda,2018,Dongfeng
471,Dongfeng Honda,2019,Dongfeng
472,Dongfeng Honda,2020,Dongfeng
473,Dongfeng Honda,2021,Dongfeng
474,Dongfeng Honda,2022,Dongfeng
475,Dongfeng Honda,2023,Dongfeng
476,Dongfeng Honda,2024,Dongfeng
477,Dongfeng Liuzhou Motor,2013,Dongfeng
478,Dongfeng Liuzhou Motor,2015,Dongfeng
479,Dongfeng Liuzhou Motor,2016,Dongfeng
480,Dongfeng Liuzhou Motor,2017,Dongfeng
481,Dongfeng Liuzhou Motor,2018,Dongfeng
482,Dongfeng Liuzhou Motor,2019,Dongfeng
483,Dongfeng Liuzhou Motor,2020,Dongfeng
484,Dongfeng Liuzhou Motor,2021,Dongfeng
485,Dongfeng Liuzhou Motor,2022,Dongfeng
486,Dongfeng Liuzhou Motor,2023,Dongfeng
487,Dongfeng Liuzhou Motor,2024,Dongfeng
488,Dongfeng Nissan,2012,Dongfeng
489,Dongfeng Nissan,2013,Dongfeng
490,Dongfeng Nissan,2014,Dongfeng
491,Dongfeng Nissan,2015,Dongfeng
492,Dongfeng Nissan,2016,Dongfeng
493,Dongfeng Nissan,2017,Dongfeng
494,Dongfeng Nissan,2018,Dongfeng
495,Dongfeng Nissan,2019,Dongfeng
496,Dongfeng Nissan,2020,Dongfeng
497,Dongfeng Nissan,2021,Dongfeng
498,Dongfeng Nissan,2022,Dongfeng
499,Dongfeng Nissan,2023,Dongfeng
500,Dongfeng Nissan,2024,Dongfeng
501,Dongfeng Nissan,2025,Dongfeng
502,Dongfeng Passenger Vehicle,2015,Dongfeng
503,Dongfeng Passenger Vehicle,2016,Dongfeng
504,Dongfeng Passenger Vehicle,2017,Dongfeng
505,Dongfeng Passenger Vehicle,2018,Dongfeng
506,Dongfeng Passenger Vehicle,2019,Dongfeng
507,Dongfeng Passenger Vehicle,2020,Dongfeng
508,Dongfeng Passenger Vehicle,2021,Dongfeng
509,Dongfeng Passenger Vehicle,2022,Dongfeng
510,Dongfeng Passenger Vehicle,2023,Dongfeng
511,Dongfeng Passenger Vehicle,2024,Dongfeng
512,Dongfeng Peugeot Citroen,2008,Dongfeng
513,Dongfeng Peugeot Citroen,2011,Dongfeng
514,Dongfeng Peugeot Citroen,2012,Dongfeng
515,Dongfeng Peugeot Citroen,2013,Dongfeng
516,Dongfeng Peugeot Citroen,2014,Dongfeng
517,Dongfeng Peugeot Citroen,2015,Dongfeng
518,Dongfeng Peugeot Citroen,2016,Dongfeng
519,Dongfeng Peugeot Citroen,2017,Dongfeng
520,Dongfeng Peugeot Citroen,2018,Dongfeng
521,Dongfeng Peugeot Citroen,2019,Dongfeng
522,Dongfeng Peugeot Citroen,2020,Dongfeng
523,Dongfeng Peugeot Citroen,2021,Dongfeng
524,Dongfeng Peugeot Citroen,2022,Dongfeng
525,Dongfeng Peugeot Citroen,2023,Dongfeng
526,Dongfeng Peugeot Citroen,2024,Dongfeng
527,Dongfeng Renault,2016,Dongfeng
528,Dongfeng Renault,2017,Dongfeng
529,Dongfeng Renault,2018,Dongfeng
530,Dongfeng Renault,2019,Dongfeng
531,Dongfeng Yueda Kia,2014,Hyundai Kia Automotive Group
532,Dongfeng Yueda Kia,2015,Hyundai Kia Automotive Group
533,Dongfeng Yueda Kia,2016,Hyundai Kia Automotive Group
534,Dongfeng Yueda Kia,2017,Hyundai Kia Automotive Group
535,Dongfeng Yueda Kia,2018,Hyundai Kia Automotive Group
536,Dongfeng Yueda Kia,2019,Hyundai Kia Automotive Group
537,Dongfeng Yueda Kia,2020,Hyundai Kia Automotive Group
538,Dongfeng Yueda Kia,2021,Hyundai Kia Automotive Group
539,Dongfeng Yulon,2013,Dongfeng
540,Dongfeng Yulon,2015,Dongfeng
541,Dongfeng Yulon,2016,Dongfeng
542,Dongfeng Yulon,2017,Dongfeng
543,Dorcen Auto,2019,Small and Medium OEM
544,Eicher,2021,Eicher Motors
545,Enovate,2021,Small and Medium OEM
546,Enovate,2022,Small and Medium OEM
547,Enovate,2024,Small and Medium OEM
548,FAW,2016,FAW (China FAW Group Corp.)
549,FAW,2017,FAW (China FAW Group Corp.)
550,FAW,2018,FAW (China FAW Group Corp.)
551,FAW,2019,FAW (China FAW Group Corp.)
552,FAW,2020,FAW (China FAW Group Corp.)
553,FAW,2021,FAW (China FAW Group Corp.)
554,FAW,2022,FAW (China FAW Group Corp.)
555,FAW,2023,FAW (China FAW Group Corp.)
556,FAW,2024,FAW (China FAW Group Corp.)
557,FAW,2025,FAW (China FAW Group Corp.)
558,FAW Bestune,2018,FAW (China FAW Group Corp.)
559,FAW Bestune,2020,FAW (China FAW Group Corp.)
560,FAW Bestune,2021,FAW (China FAW Group Corp.)
561,FAW Bestune,2022,FAW (China FAW Group Corp.)
562,FAW Bestune,2023,FAW (China FAW Group Corp.)
563,FAW Bestune,2024,FAW (China FAW Group Corp.)
564,FAW Bestune,2025,FAW (China FAW Group Corp.)
565,FAW Car,2012,FAW (China FAW Group Corp.)
566,FAW Car,2013,FAW (China FAW Group Corp.)
567,FAW Car,2014,FAW (China FAW Group Corp.)
568,FAW Car,2015,FAW (China FAW Group Corp.)
569,FAW Car,2016,FAW (China FAW Group Corp.)
570,FAW Car,2017,FAW (China FAW Group Corp.)
571,FAW Car,2018,FAW (China FAW Group Corp.)
572,FAW Car,2019,FAW (China FAW Group Corp.)
573,FAW Car,2020,FAW (China FAW Group Corp.)
574,FAW Haima,2012,FAW (China FAW Group Corp.)
575,FAW Haima,2013,FAW (China FAW Group Corp.)
576,FAW Haima,2014,FAW (China FAW Group Corp.)
577,FAW Haima,2015,FAW (China FAW Group Corp.)
578,FAW Haima,2016,FAW (China FAW Group Corp.)
579,FAW Haima,2017,FAW (China FAW Group Corp.)
580,FAW Haima,2018,FAW (China FAW Group Corp.)
581,FAW Jilin,2012,FAW (China FAW Group Corp.)
582,FAW Jilin,2013,FAW (China FAW Group Corp.)
583,FAW Jilin,2015,FAW (China FAW Group Corp.)
584,FAW Jilin,2016,FAW (China FAW Group Corp.)
585,FAW Jilin,2017,FAW (China FAW Group Corp.)
586,FAW Jilin,2018,FAW (China FAW Group Corp.)
587,FAW Jilin,2020,FAW (China FAW Group Corp.)
588,FAW Toyota,2012,FAW (China FAW Group Corp.)
589,FAW Toyota,2013,FAW (China FAW Group Corp.)
590,FAW Toyota,2014,FAW (China FAW Group Corp.)
591,FAW Toyota,2015,FAW (China FAW Group Corp.)
592,FAW Toyota,2016,FAW (China FAW Group Corp.)
593,FAW Toyota,2017,FAW (China FAW Group Corp.)
594,FAW Toyota,2018,FAW (China FAW Group Corp.)
595,FAW Toyota,2019,FAW (China FAW Group Corp.)
596,FAW Toyota,2020,FAW (China FAW Group Corp.)
597,FAW Toyota,2021,FAW (China FAW Group Corp.)
598,FAW Toyota,2022,FAW (China FAW Group Corp.)
599,FAW Toyota,2023,FAW (China FAW Group Corp.)
600,FAW Toyota,2024,FAW (China FAW Group Corp.)
601,FAW-Volkswagen,2008,FAW (China FAW Group Corp.)
602,FAW-Volkswagen,2012,FAW (China FAW Group Corp.)
603,FAW-Volkswagen,2013,FAW (China FAW Group Corp.)
604,FAW-Volkswagen,2014,FAW (China FAW Group Corp.)
605,FAW-Volkswagen,2015,FAW (China FAW Group Corp.)
606,FAW-Volkswagen,2016,FAW (China FAW Group Corp.)
607,FAW-Volkswagen,2017,FAW (China FAW Group Corp.)
608,FAW-Volkswagen,2018,FAW (China FAW Group Corp.)
609,FAW-Volkswagen,2019,FAW (China FAW Group Corp.)
610,FAW-Volkswagen,2020,FAW (China FAW Group Corp.)
611,FAW-Volkswagen,2021,FAW (China FAW Group Corp.)
612,FAW-Volkswagen,2022,FAW (China FAW Group Corp.)
613,FAW-Volkswagen,2023,FAW (China FAW Group Corp.)
614,FAW-Volkswagen,2024,FAW (China FAW Group Corp.)
615,Faraday Future,2022,Small and Medium OEM
616,Farizon,2024,Small and Medium OEM
617,Farizon,2025,Small and Medium OEM
618,Fengsheng Automobile,2020,Small and Medium OEM
619,Fengsheng Automobile,2021,Small and Medium OEM
620,Ferrari,2009,FCA
621,Ferrari,2010,FCA
622,Ferrari,2013,FCA
623,Ferrari,2014,FCA
624,Ferrari,2016,FCA
625,Ferrari,2020,FCA
626,Ferrari,2021,Ferrari
627,Ferrari,2022,Ferrari
628,Fiat,2008,FCA
629,Fiat,2009,FCA
630,Fiat,2010,FCA
631,Fiat,2011,FCA
632,Fiat,2012,FCA
633,Fiat,2013,FCA
634,Fiat,2014,FCA
635,Fiat,2015,FCA
636,Fiat,2016,FCA
637,Fiat,2018,FCA
638,Fiat,2019,FCA
639,Fiat,2020,FCA
640,Fiat,2021,Stellantis
641,Fiat,2022,Stellantis
642,Fiat,2023,Stellantis
643,Fiat,2024,Stellantis
644,Foday,2017,Small and Medium OEM
645,Ford,2008,Ford Group
646,Ford,2009,Ford Group
647,Ford,2010,Ford Group
648,Ford,2011,Ford Group
649,Ford,2012,Ford Group
650,Ford,2013,Ford Group
651,Ford,2014,Ford Group
652,Ford,2015,Ford Group
653,Ford,2016,Ford Group
654,Ford,2017,Ford Group
655,Ford,2018,Ford Group
656,Ford,2019,Ford Group
657,Ford,2020,Ford Group
658,Ford,2021,Ford Group
659,Ford,2022,Ford Group
660,Ford,2023,Ford Group
661,Ford,2024,Ford Group
662,Ford,2025,Ford Group
663,Freightliner,2015,Daimler Group
664,Fujian Benz,2015,FJMG
665,Fujian Benz,2016,FJMG
666,Fujian Benz,2017,FJMG
667,Fujian Benz,2018,FJMG
668,Fujian Benz,2022,FJMG
669,GAC Aion,2019,GAC Group
670,GAC Aion,2020,GAC Group
671,GAC Aion,2021,GAC Group
672,GAC Aion,2022,GAC Group
673,GAC Aion,2023,GAC Group
674,GAC Aion,2024,GAC Group
675,GAC Aion,2025,GAC Group
676,GAC Changfeng,2017,GAC Group
677,GAC Fiat Chrysler,2012,GAC Group
678,GAC Fiat Chrysler,2013,GAC Group
679,GAC Fiat Chrysler,2014,GAC Group
680,GAC Fiat Chrysler,2015,GAC Group
681,GAC Fiat Chrysler,2016,GAC Group
682,GAC Fiat Chrysler,2017,GAC Group
683,GAC Fiat Chrysler,2018,GAC Group
684,GAC Fiat Chrysler,2019,GAC Group
685,GAC Fiat Chrysler,2020,GAC Group
686,GAC Gonow,2013,GAC Group
687,GAC Gonow,2018,GAC Group
688,GAC Honda,2013,GAC Group
689,GAC Honda,2014,GAC Group
690,GAC Honda,2015,GAC Group
691,GAC Honda,2016,GAC Group
692,GAC Honda,2017,GAC Group
693,GAC Honda,2018,GAC Group
694,GAC Honda,2019,GAC Group
695,GAC Honda,2020,GAC Group
696,GAC Honda,2021,GAC Group
697,GAC Honda,2022,GAC Group
698,GAC Honda,2023,GAC Group
699,GAC Honda,2024,GAC Group
700,GAC Honda,2025,GAC Group
701,GAC Mitsubishi,2013,Mitsubishi
702,GAC Mitsubishi,2014,Mitsubishi
703,GAC Mitsubishi,2016,Mitsubishi
704,GAC Mitsubishi,2017,Mitsubishi
705,GAC Mitsubishi,2018,Mitsubishi
706,GAC Mitsubishi,2019,Mitsubishi
707,GAC Mitsubishi,2020,Mitsubishi
708,GAC Mitsubishi,2021,Mitsubishi
709,GAC Mitsubishi,2022,Mitsubishi
710,GAC Motor,2013,GAC Group
711,GAC Motor,2014,GAC Group
712,GAC Motor,2015,GAC Group
713,GAC Motor,2016,GAC Group
714,GAC Motor,2017,GAC Group
715,GAC Motor,2018,GAC Group
716,GAC Motor,2019,GAC Group
717,GAC Motor,2020,GAC Group
718,GAC Motor,2021,GAC Group
719,GAC Motor,2022,GAC Group
720,GAC Motor,2023,GAC Group
721,GAC Motor,2024,GAC Group
722,GAC Motor,2025,GAC Group
723,GAC Toyota,2012,GAC Group
724,GAC Toyota,2013,GAC Group
725,GAC Toyota,2014,GAC Group
726,GAC Toyota,2015,GAC Group
727,GAC Toyota,2016,GAC Group
728,GAC Toyota,2017,GAC Group
729,GAC Toyota,2018,GAC Group
730,GAC Toyota,2019,GAC Group
731,GAC Toyota,2020,GAC Group
732,GAC Toyota,2021,GAC Group
733,GAC Toyota,2022,GAC Group
734,GAC Toyota,2023,GAC Group
735,GAC Toyota,2024,GAC Group
736,GAC Toyota,2025,GAC Group
737,GAZ,2013,GAZ Group
738,GM,2008,Small and Medium OEM
739,GM,2009,Small and Medium OEM
740,GM,2010,Small and Medium OEM
741,GM,2011,Small and Medium OEM
742,GM,2012,Small and Medium OEM
743,GM,2013,Small and Medium OEM
744,GM,2014,Small and Medium OEM
745,GM,2015,Small and Medium OEM
746,GM,2016,Small and Medium OEM
747,GM,2017,Small and Medium OEM
748,GM,2018,Small and Medium OEM
749,GM,2019,Small and Medium OEM
750,GM,2020,Small and Medium OEM
751,GM,2021,Small and Medium OEM
752,GM,2022,Small and Medium OEM
753,GM,2023,Small and Medium OEM
754,GM,2024,Small and Medium OEM
755,GM,2025,Small and Medium OEM
756,GM Daewoo,2014,GM Group
757,GM Holden,2008,GM Group
758,GM Holden,2013,GM Group
759,Gac Toyota,2021,Small and Medium OEM
760,Geely,2012,Geely Holding Group
761,Geely,2013,Geely Holding Group
762,Geely,2014,Geely Holding Group
763,Geely,2015,Geely Holding Group
764,Geely,2016,Geely Holding Group
765,Geely,2017,Geely Holding Group
766,Geely,2018,Geely Holding Group
767,Geely,2019,Geely Holding Group
768,Geely,2020,Geely Holding Group
769,Geely,2021,Geely Holding Group
770,Geely,2022,Geely Holding Group
771,Geely,2023,Geely Holding Group
772,Geely,2024,Geely Holding Group
773,Geely,2025,Geely Holding Group
774,Great Wall,2012,GWM
775,Great Wall,2013,GWM
776,Great Wall,2014,GWM
777,Great Wall,2015,GWM
778,Great Wall,2016,GWM
779,Great Wall,2017,GWM
780,Great Wall,2018,GWM
781,Great Wall,2019,GWM
782,Great Wall,2020,GWM
783,Great Wall,2021,GWM
784,Great Wall,2022,GWM
785,Great Wall,2023,GWM
786,Great Wall,2024,GWM
787,Great Wall,2025,GWM
788,HYCAN,2022,Small and Medium OEM
789,HYCAN,2023,Small and Medium OEM
790,HYCAN,2024,Small and Medium OEM
791,Hafei,2012,Changan Automobile Group
792,Hafei,2013,Changan Automobile Group
793,Hafei,2015,Changan Automobile Group
794,Hafei,2016,Changan Automobile Group
795,Haima,2015,FAW (China FAW Group Corp.)
796,Haima,2016,FAW (China FAW Group Corp.)
797,Haima,2017,FAW (China FAW Group Corp.)
798,Haima,2018,FAW (China FAW Group Corp.)
799,Haima,2019,FAW (China FAW Group Corp.)
800,Haima,2020,FAW (China FAW Group Corp.)
801,Haima,2021,FAW (China FAW Group Corp.)
802,Haima,2022,FAW (China FAW Group Corp.)
803,Haima,2023,FAW (China FAW Group Corp.)
804,Haima,2024,FAW (China FAW Group Corp.)
805,Haima,2025,FAW (China FAW Group Corp.)
806,Hanteng,2018,Small and Medium OEM
807,Hanteng,2019,Small and Medium OEM
808,Hawtai,2014,Hawtai Automobile Group
809,Hawtai,2015,Hawtai Automobile Group
810,Hawtai,2016,Hawtai Automobile Group
811,Hawtai,2017,Hawtai Automobile Group
812,Hawtai,2018,Hawtai Automobile Group
813,HiPhi,2022,Small and Medium OEM
814,HiPhi,2023,Small and Medium OEM
815,HiPhi,2024,Small and Medium OEM
816,Hino,2008,Toyota Group
817,Hino,2009,Toyota Group
818,Hino,2011,Toyota Group
819,Hino,2013,Toyota Group
820,Hino,2017,Toyota Group
821,Hino,2019,Toyota Group
822,Hino,2020,Toyota Group
823,Hino,2021,Toyota Group
824,Hino,2022,Toyota Group
825,Hino,2023,Toyota Group
826,Honda,2008,Honda
827,Honda,2009,Honda
828,Honda,2010,Honda
829,Honda,2011,Honda
830,Honda,2012,Honda
831,Honda,2013,Honda
832,Honda,2014,Honda
833,Honda,2015,Honda
834,Honda,2016,Honda
835,Honda,2017,Honda
836,Honda,2018,Honda
837,Honda,2019,Honda
838,Honda,2020,Honda
839,Honda,2021,Honda
840,Honda,2022,Honda
841,Honda,2023,Honda
842,Honda,2024,Honda
843,Honda,2025,Honda
844,Huanghai Auto,2019,Small and Medium OEM
845,Huanghai Auto,2020,Small and Medium OEM
846,Hyundai,2005,Hyundai Kia Automotive Group
847,Hyundai,2006,Hyundai Kia Automotive Group
848,Hyundai,2007,Hyundai Kia Automotive Group
849,Hyundai,2008,Hyundai Kia Automotive Group
850,Hyundai,2009,Hyundai Kia Automotive Group
851,Hyundai,2010,Hyundai Kia Automotive Group
852,Hyundai,2011,Hyundai Kia Automotive Group
853,Hyundai,2012,Hyundai Kia Automotive Group
854,Hyundai,2013,Hyundai Kia Automotive Group
855,Hyundai,2014,Hyundai Kia Automotive Group
856,Hyundai,2015,Hyundai Kia Automotive Group
857,Hyundai,2016,Hyundai Kia Automotive Group
858,Hyundai,2017,Hyundai Kia Automotive Group
859,Hyundai,2018,Hyundai Kia Automotive Group
860,Hyundai,2019,Hyundai Kia Automotive Group
861,Hyundai,2020,Hyundai Kia Automotive Group
862,Hyundai,2021,Hyundai Kia Automotive Group
863,Hyundai,2022,Hyundai Kia Automotive Group
864,Hyundai,2023,Hyundai Kia Automotive Group
865,Hyundai,2024,Hyundai Kia Automotive Group
866,Hyundai,2025,Hyundai Kia Automotive Group
867,IM Motors,2022,SAIC Group
868,IM Motors,2023,SAIC Group
869,IM Motors,2024,SAIC Group
870,IM Motors,2025,SAIC Group
871,INEOS,2022,Small and Medium OEM
872,INEOS,2023,Small and Medium OEM
873,INEOS,2024,Small and Medium OEM
874,Isuzu,2009,Isuzu
875,Isuzu,2011,Isuzu
876,Isuzu,2012,Isuzu
877,Isuzu,2013,Isuzu
878,Isuzu,2014,Isuzu
879,Isuzu,2015,Isuzu
880,Isuzu,2016,Isuzu
881,Isuzu,2017,Isuzu
882,Isuzu,2018,Isuzu
883,Isuzu,2019,Isuzu
884,Isuzu,2020,Isuzu
885,Isuzu,2021,Isuzu
886,Isuzu,2022,Isuzu
887,Isuzu,2023,Isuzu
888,Isuzu,2024,Isuzu
889,Iveco,2012,CNH Industrial
890,Iveco,2014,CNH Industrial
891,Iveco,2022,CNH Industrial
892,Iveco,2024,CNH Industrial
893,JAC,2012,JAC Group
894,JAC,2013,JAC Group
895,JAC,2014,JAC Group
896,JAC,2015,JAC Group
897,JAC,2016,JAC Group
898,JAC,2017,JAC Group
899,JAC,2018,JAC Group
900,JAC,2019,JAC Group
901,JAC,2020,JAC Group
902,JAC,2021,JAC Group
903,JAC,2022,JAC Group
904,JAC,2023,JAC Group
905,JAC,2024,JAC Group
906,JAC,2025,JAC Group
907,JAC Group,2021,JAC Group
908,JAC Group,2022,JAC Group
909,JAC Group,2023,JAC Group
910,JBM Auto,2022,Small and Medium OEM
911,JMEV,2017,Jiangling Motors Co. Group
912,JMEV,2019,Jiangling Motors Co. Group
913,JMEV,2020,Jiangling Motors Co. Group
914,JMEV,2021,Jiangling Motors Co. Group
915,JMEV,2022,Jiangling Motors Co. Group
916,JMEV,2023,Jiangling Motors Co. Group
917,JMEV,2024,Jiangling Motors Co. Group
918,JMEV,2025,Jiangling Motors Co. Group
919,Jaguar Land Rover,2008,Tata Group
920,Jaguar Land Rover,2009,Tata Group
921,Jaguar Land Rover,2010,Tata Group
922,Jaguar Land Rover,2011,Tata Group
923,Jaguar Land Rover,2012,Tata Group
924,Jaguar Land Rover,2013,Tata Group
925,Jaguar Land Rover,2014,Tata Group
926,Jaguar Land Rover,2015,Tata Group
927,Jaguar Land Rover,2016,Tata Group
928,Jaguar Land Rover,2017,Tata Group
929,Jaguar Land Rover,2018,Tata Group
930,Jaguar Land Rover,2019,Tata Group
931,Jaguar Land Rover,2020,Tata Group
932,Jaguar Land Rover,2021,Tata Group
933,Jaguar Land Rover,2022,Tata Group
934,Jaguar Land Rover,2023,Tata Group
935,Jaguar Land Rover,2024,Tata Group
936,Jeep,2008,FCA
937,Jeep,2010,FCA
938,Jeep,2011,FCA
939,Jeep,2013,FCA
940,Jeep,2014,FCA
941,Jeep,2015,FCA
942,Jeep,2016,FCA
943,Jeep,2017,FCA
944,Jeep,2018,FCA
945,Jeep,2019,FCA
946,Jeep,2020,FCA
947,Jeep,2021,Stellantis
948,Jeep,2022,Stellantis
949,Jeep,2023,Stellantis
950,Jeep,2024,Stellantis
951,Jeep,2025,Stellantis
952,Jemmell New Energy,2020,Small and Medium OEM
953,Jemmell New Energy,2022,Small and Medium OEM
954,Jemmell New Energy,2023,Small and Medium OEM
955,Jemmell New Energy,2024,Small and Medium OEM
956,Jemmell New Energy,2025,Small and Medium OEM
957,Jiangling,2013,Jiangling Motors Co. Group
958,Jiangling Holding,2015,Jiangling Motors Co. Group
959,Jiangling Holding,2016,Jiangling Motors Co. Group
960,Jiangling Holding,2017,Jiangling Motors Co. Group
961,Jiangling Holding,2018,Jiangling Motors Co. Group
962,Jiangling Holding,2020,Jiangling Motors Co. Group
963,Jiangling Motors,2012,Jiangling Motors Co. Group
964,Jiangling Motors,2013,Jiangling Motors Co. Group
965,Jiangling Motors,2014,Jiangling Motors Co. Group
966,Jiangling Motors,2015,Jiangling Motors Co. Group
967,Jiangling Motors,2016,Jiangling Motors Co. Group
968,Jiangling Motors,2017,Jiangling Motors Co. Group
969,Jiangling Motors,2018,Jiangling Motors Co. Group
970,Jiangling Motors,2019,Jiangling Motors Co. Group
971,Jiangling Motors,2020,Jiangling Motors Co. Group
972,Jiangling Motors,2023,Jiangling Motors Co. Group
973,Jiangling Motors,2024,Jiangling Motors Co. Group
974,Jiangling Motors,2025,Jiangling Motors Co. Group
975,Jiangxi Isuzu,2016,Jiangling Motors Co. Group
976,Jiangxi Isuzu,2017,Jiangling Motors Co. Group
977,Jiangxi Isuzu,2018,Jiangling Motors Co. Group
978,Jiangxi Isuzu,2019,Jiangling Motors Co. Group
979,Jiangxi Isuzu,2020,Jiangling Motors Co. Group
980,Jiangxi Isuzu,2021,Jiangling Motors Co. Group
981,Jinkang New Energy,2020,Small and Medium OEM
982,Jonway,2014,Small and Medium OEM
983,Jonway,2016,Small and Medium OEM
984,Joylong,2014,Small and Medium OEM
985,Joylong,2017,Small and Medium OEM
986,Joylong,2020,Small and Medium OEM
987,Joylong,2024,Small and Medium OEM
988,KAMAZ,2021,KAMAZ Group
989,KG Mobility,2024,Mahindra & Mahindra
990,Kaiyi,2021,Small and Medium OEM
991,Kaiyi,2023,Small and Medium OEM
992,Kaiyi,2024,Small and Medium OEM
993,Karma,2018,Small and Medium OEM
994,Kawei,2019,Small and Medium OEM
995,Keyton Motor,2016,Small and Medium OEM
996,Kia,2008,Hyundai Kia Automotive Group
997,Kia,2009,Hyundai Kia Automotive Group
998,Kia,2011,Hyundai Kia Automotive Group
999,Kia,2012,Hyundai Kia Automotive Group
1000,Kia,2013,Hyundai Kia Automotive Group
1001,Kia,2014,Hyundai Kia Automotive Group
1002,Kia,2015,Hyundai Kia Automotive Group
1003,Kia,2016,Hyundai Kia Automotive Group
1004,Kia,2017,Hyundai Kia Automotive Group
1005,Kia,2018,Hyundai Kia Automotive Group
1006,Kia,2019,Hyundai Kia Automotive Group
1007,Kia,2020,Hyundai Kia Automotive Group
1008,Kia,2021,Hyundai Kia Automotive Group
1009,Kia,2022,Hyundai Kia Automotive Group
1010,Kia,2023,Hyundai Kia Automotive Group
1011,Kia,2024,Hyundai Kia Automotive Group
1012,Kia,2025,Hyundai Kia Automotive Group
1013,Kravtex,2024,Small and Medium OEM
1014,LEVC,2024,Geely Holding Group
1015,Lamborghini,2011,VW Group
1016,Lamborghini,2014,VW Group
1017,Lamborghini,2017,VW Group
1018,Lamborghini,2019,VW Group
1019,Lamborghini,2020,VW Group
1020,Lamborghini,2021,VW Group
1021,Lamborghini,2022,VW Group
1022,Lamborghini,2023,VW Group
1023,Lancia,2008,FCA
1024,Lancia,2009,FCA
1025,Lancia,2011,FCA
1026,Lancia,2012,FCA
1027,Leap,2019,Leap Motor
1028,Leap,2020,Leap Motor
1029,Leap,2021,Leap Motor
1030,Leap,2022,Leap Motor
1031,Leap,2023,Leap Motor
1032,Leap,2024,Leap Motor
1033,Leap,2025,Leap Motor
1034,Leopaard,2015,Small and Medium OEM
1035,Leopaard,2016,Small and Medium OEM
1036,Leopaard,2017,Small and Medium OEM
1037,Leopaard,2018,Small and Medium OEM
1038,Leopaard,2019,Small and Medium OEM
1039,Letin,2022,Small and Medium OEM
1040,Li Auto,2020,Li Auto
1041,Li Auto,2021,Li Auto
1042,Li Auto,2022,Li Auto
1043,Li Auto,2023,Li Auto
1044,Li Auto,2024,Li Auto
1045,Lifan,2012,Lifan Technology (Group)
1046,Lifan,2013,Lifan Technology (Group)
1047,Lifan,2015,Lifan Technology (Group)
1048,Lifan,2016,Lifan Technology (Group)
1049,Lifan,2017,Lifan Technology (Group)
1050,Lifan,2018,Lifan Technology (Group)
1051,Lifan,2019,Lifan Technology (Group)
1052,Linktour,2024,Small and Medium OEM
1053,Livan Auto,2022,Geely Holding Group
1054,Livan Auto,2023,Geely Holding Group
1055,Livan Auto,2024,Geely Holding Group
1056,Lotus,2013,Proton
1057,Lotus,2015,Proton
1058,Lotus,2016,Proton
1059,Lotus,2020,Geely Holding Group
1060,Lotus,2021,Geely Holding Group
1061,Lotus,2022,Geely Holding Group
1062,Lotus,2023,Geely Holding Group
1063,Lotus,2024,Geely Holding Group
1064,Lucid,2021,Small and Medium OEM
1065,Lucid,2022,Small and Medium OEM
1066,Lucid,2023,Small and Medium OEM
1067,Lucid,2024,Small and Medium OEM
1068,M-Hero,2023,Small and Medium OEM
1069,M-Hero,2024,Small and Medium OEM
1070,MAN,2014,VW Group
1071,MAN,2025,VW Group
1072,Mack Trucks,2022,Volvo Trucks Group
1073,Mack Trucks,2023,Volvo Trucks Group
1074,Magyar Suzuki,2008,Suzuki
1075,Magyar Suzuki,2011,Suzuki
1076,Magyar Suzuki,2012,Suzuki
1077,Magyar Suzuki,2015,Suzuki
1078,Magyar Suzuki,2016,Suzuki
1079,Magyar Suzuki,2020,Suzuki
1080,Magyar Suzuki,2022,Suzuki
1081,Mahindra & Mahindra,2013,Mahindra & Mahindra
1082,Mahindra & Mahindra,2014,Mahindra & Mahindra
1083,Mahindra & Mahindra,2016,Mahindra & Mahindra
1084,Mahindra & Mahindra,2017,Mahindra & Mahindra
1085,Mahindra & Mahindra,2018,Mahindra & Mahindra
1086,Mahindra & Mahindra,2019,Mahindra & Mahindra
1087,Mahindra & Mahindra,2020,Mahindra & Mahindra
1088,Mahindra & Mahindra,2021,Mahindra & Mahindra
1089,Mahindra & Mahindra,2022,Mahindra & Mahindra
1090,Mahindra & Mahindra,2023,Mahindra & Mahindra
1091,Mahindra & Mahindra,2024,Mahindra & Mahindra
1092,Mahindra & Mahindra,2025,Mahindra & Mahindra
1093,Maruti Suzuki,2008,Suzuki
1094,Maruti Suzuki,2012,Suzuki
1095,Maruti Suzuki,2014,Suzuki
1096,Maruti Suzuki,2015,Suzuki
1097,Maruti Suzuki,2016,Suzuki
1098,Maruti Suzuki,2017,Suzuki
1099,Maruti Suzuki,2018,Suzuki
1100,Maruti Suzuki,2019,Suzuki
1101,Maruti Suzuki,2020,Suzuki
1102,Maruti Suzuki,2021,Suzuki
1103,Maruti Suzuki,2022,Suzuki
1104,Maruti Suzuki,2023,Suzuki
1105,Maruti Suzuki,2024,Suzuki
1106,Maserati,2008,FCA
1107,Maserati,2012,FCA
1108,Maserati,2013,FCA
1109,Maserati,2015,FCA
1110,Maserati,2016,FCA
1111,Maserati,2017,FCA
1112,Maserati,2018,FCA
1113,Maserati,2019,FCA
1114,Maserati,2020,FCA
1115,Maserati,2021,Stellantis
1116,Maserati,2022,Stellantis
1117,Maserati,2023,Stellantis
1118,Maserati,2024,Stellantis
1119,Mazda,2008,Mazda
1120,Mazda,2009,Mazda
1121,Mazda,2010,Mazda
1122,Mazda,2011,Mazda
1123,Mazda,2012,Mazda
1124,Mazda,2013,Mazda
1125,Mazda,2014,Mazda
1126,Mazda,2015,Mazda
1127,Mazda,2016,Mazda
1128,Mazda,2017,Mazda
1129,Mazda,2018,Mazda
1130,Mazda,2019,Mazda
1131,Mazda,2020,Mazda
1132,Mazda,2021,Mazda
1133,Mazda,2022,Mazda
1134,Mazda,2023,Mazda
1135,Mazda,2024,Mazda
1136,Mazda,2025,Mazda
1137,McLaren,2013,Small and Medium OEM
1138,McLaren,2017,Small and Medium OEM
1139,McLaren,2019,Small and Medium OEM
1140,McLaren,2021,Small and Medium OEM
1141,Mercedes-Benz,2020,Daimler Group
1142,Mercedes-Benz,2021,Daimler Group
1143,Mercedes-Benz,2022,Mercedes-Benz Group
1144,Mercedes-Benz,2023,Mercedes-Benz Group
1145,Mercedes-Benz,2024,Mercedes-Benz Group
1146,Mercedes-Benz,2025,Mercedes-Benz Group
1147,Mianyang Huarui,2016,Small and Medium OEM
1148,Mianyang Huarui,2017,Small and Medium OEM
1149,Mianyang Huarui,2018,Small and Medium OEM
1150,Mitsubishi,2008,Mitsubishi
1151,Mitsubishi,2009,Mitsubishi
1152,Mitsubishi,2010,Mitsubishi
1153,Mitsubishi,2011,Mitsubishi
1154,Mitsubishi,2012,Mitsubishi
1155,Mitsubishi,2013,Mitsubishi
1156,Mitsubishi,2014,Mitsubishi
1157,Mitsubishi,2015,Mitsubishi
1158,Mitsubishi,2016,Mitsubishi
1159,Mitsubishi,2017,Mitsubishi
1160,Mitsubishi,2018,Mitsubishi
1161,Mitsubishi,2019,Mitsubishi
1162,Mitsubishi,2020,Mitsubishi
1163,Mitsubishi,2021,Mitsubishi
1164,Mitsubishi,2022,Mitsubishi
1165,Mitsubishi,2023,Mitsubishi
1166,Mitsubishi,2024,Mitsubishi
1167,Mitsubishi,2025,Mitsubishi
1168,Mitsubishi Fuso,2009,Daimler Group
1169,Mitsubishi Fuso,2013,Daimler Group
1170,Mitsubishi Fuso,2018,Daimler Group
1171,Mitsubishi Fuso,2022,Daimler Group
1172,NETA,2018,Hozon Auto
1173,NETA,2020,Hozon Auto
1174,NETA,2021,Hozon Auto
1175,NETA,2022,Hozon Auto
1176,NETA,2023,Hozon Auto
1177,NETA,2024,Hozon Auto
1178,NIO,2018,NIO
1179,NIO,2020,NIO
1180,NIO,2021,NIO
1181,NIO,2022,NIO
1182,NIO,2023,NIO
1183,NIO,2024,NIO
1184,NIO,2025,NIO
1185,Nanjing Iveco,2017,Small and Medium OEM
1186,Nanjing Iveco,2018,Small and Medium OEM
1187,Nanjing Iveco,2019,Small and Medium OEM
1188,Nanjing Iveco,2020,Small and Medium OEM
1189,Nanjing Iveco,2021,Small and Medium OEM
1190,Nanjing Iveco,2022,Small and Medium OEM
1191,Nanjing Iveco,2023,Small and Medium OEM
1192,Nanjing Iveco,2024,Small and Medium OEM
1193,Nissan,2008,Nissan
1194,Nissan,2009,Nissan
1195,Nissan,2010,Nissan
1196,Nissan,2011,Nissan
1197,Nissan,2012,Nissan
1198,Nissan,2013,Nissan
1199,Nissan,2014,Nissan
1200,Nissan,2015,Nissan
1201,Nissan,2016,Nissan
1202,Nissan,2017,Nissan
1203,Nissan,2018,Nissan
1204,Nissan,2019,Nissan
1205,Nissan,2020,Nissan
1206,Nissan,2021,Nissan
1207,Nissan,2022,Nissan
1208,Nissan,2023,Nissan
1209,Nissan,2024,Nissan
1210,Nissan,2025,Nissan
1211,Opel,2008,GM Group
1212,Opel,2009,GM Group
1213,Opel,2010,GM Group
1214,Opel,2011,GM Group
1215,Opel,2012,GM Group
1216,Opel,2013,GM Group
1217,Opel,2014,GM Group
1218,Opel,2015,GM Group
1219,Opel,2016,GM Group
1220,Opel,2017,GM Group
1221,Opel,2020,PSA
1222,Opel,2021,Stellantis
1223,Opel,2022,Stellantis
1224,Opel,2023,Stellantis
1225,Opel,2024,Stellantis
1226,Perodua,2016,Perodua
1227,Peterbilt,2021,Paccar
1228,Peugeot,2008,PSA
1229,Peugeot,2009,PSA
1230,Peugeot,2010,PSA
1231,Peugeot,2011,PSA
1232,Peugeot,2012,PSA
1233,Peugeot,2013,PSA
1234,Peugeot,2014,PSA
1235,Peugeot,2015,PSA
1236,Peugeot,2016,PSA
1237,Peugeot,2017,PSA
1238,Peugeot,2018,PSA
1239,Peugeot,2019,PSA
1240,Peugeot,2020,PSA
1241,Peugeot,2021,Stellantis
1242,Peugeot,2022,Stellantis
1243,Peugeot,2023,Stellantis
1244,Peugeot,2024,Stellantis
1245,Polestar,2019,Geely Holding Group
1246,Polestar,2020,Geely Holding Group
1247,Polestar,2021,Geely Holding Group
1248,Polestar,2023,Geely Holding Group
1249,Polestar,2024,Geely Holding Group
1250,Porsche,2008,VW Group
1251,Porsche,2009,VW Group
1252,Porsche,2010,VW Group
1253,Porsche,2011,VW Group
1254,Porsche,2012,VW Group
1255,Porsche,2013,VW Group
1256,Porsche,2014,VW Group
1257,Porsche,2015,VW Group
1258,Porsche,2016,VW Group
1259,Porsche,2017,VW Group
1260,Porsche,2018,VW Group
1261,Porsche,2019,VW Group
1262,Porsche,2020,VW Group
1263,Porsche,2021,VW Group
1264,Porsche,2022,VW Group
1265,Porsche,2024,VW Group
1266,Porsche,2025,VW Group
1267,Proton,2016,Proton
1268,Qiantu Motor,2018,Small and Medium OEM
1269,Qoros,2014,Small and Medium OEM
1270,Qoros,2015,Small and Medium OEM
1271,Qoros,2016,Small and Medium OEM
1272,Qoros,2017,Small and Medium OEM
1273,Qoros,2018,Small and Medium OEM
1274,Qoros,2019,Small and Medium OEM
1275,Qoros,2020,Small and Medium OEM
1276,Ram Trucks,2008,FCA
1277,Ram Trucks,2009,FCA
1278,Ram Trucks,2012,FCA
1279,Ram Trucks,2013,FCA
1280,Ram Trucks,2014,FCA
1281,Ram Trucks,2015,FCA
1282,Ram Trucks,2017,FCA
1283,Ram Trucks,2018,FCA
1284,Ram Trucks,2019,FCA
1285,Ram Trucks,2020,FCA
1286,Ram Trucks,2021,Stellantis
1287,Ram Trucks,2022,Stellantis
1288,Ram Trucks,2023,Stellantis
1289,Ram Trucks,2024,Stellantis
1290,Renault,2008,Renault
1291,Renault,2009,Renault
1292,Renault,2011,Renault
1293,Renault,2012,Renault
1294,Renault,2013,Renault
1295,Renault,2014,Renault
1296,Renault,2015,Renault
1297,Renault,2016,Renault
1298,Renault,2017,Renault
1299,Renault,2018,Renault
1300,Renault,2019,Renault
1301,Renault,2020,Renault
1302,Renault,2021,Renault
1303,Renault,2022,Renault
1304,Renault,2023,Renault
1305,Renault,2024,Renault
1306,Renault,2025,Renault
1307,Renault Brilliance JINBEI,2019,Brilliance Automobile Group
1308,Renault Brilliance JINBEI,2020,Brilliance Automobile Group
1309,Renault Brilliance JINBEI,2021,Brilliance Automobile Group
1310,Renault Korea,2022,Renault
1311,Renault Samsung,2013,Renault
1312,Renault Samsung,2014,Renault
1313,Renault Samsung,2018,Renault
1314,Rising Auto,2021,SAIC Group
1315,Rising Auto,2023,SAIC Group
1316,Rising Auto,2024,SAIC Group
1317,Rivian,2022,Small and Medium OEM
1318,Rivian,2023,Small and Medium OEM
1319,Rivian,2024,Small and Medium OEM
1320,Rivian,2025,Small and Medium OEM
1321,Rolls-Royce,2008,BMW
1322,Rolls-Royce,2009,BMW
1323,Rolls-Royce,2012,BMW
1324,Rolls-Royce,2013,BMW
1325,Rolls-Royce,2015,BMW
1326,Rolls-Royce,2016,BMW
1327,Rolls-Royce,2017,BMW
1328,Rolls-Royce,2018,BMW
1329,Rolls-Royce,2019,BMW
1330,Rolls-Royce,2021,BMW
1331,Rolls-Royce,2022,BMW
1332,Rolls-Royce,2023,BMW
1333,Rolls-Royce,2024,BMW
1334,Ruichi,2025,Seres Group
1335,SAIC GM,2013,SAIC Group
1336,SAIC GM,2014,SAIC Group
1337,SAIC GM,2015,SAIC Group
1338,SAIC GM,2016,SAIC Group
1339,SAIC GM,2017,SAIC Group
1340,SAIC GM,2018,SAIC Group
1341,SAIC GM,2019,SAIC Group
1342,SAIC GM,2020,SAIC Group
1343,SAIC GM,2021,SAIC Group
1344,SAIC GM,2022,SAIC Group
1345,SAIC GM,2023,SAIC Group
1346,SAIC GM,2024,SAIC Group
1347,SAIC GM,2025,SAIC Group
1348,SAIC GM Wuling,2012,GM Group
1349,SAIC GM Wuling,2013,GM Group
1350,SAIC GM Wuling,2014,GM Group
1351,SAIC GM Wuling,2015,GM Group
1352,SAIC GM Wuling,2016,GM Group
1353,SAIC GM Wuling,2017,GM Group
1354,SAIC GM Wuling,2018,GM Group
1355,SAIC GM Wuling,2019,GM Group
1356,SAIC GM Wuling,2020,GM Group
1357,SAIC GM Wuling,2021,GM Group
1358,SAIC GM Wuling,2022,GM Group
1359,SAIC GM Wuling,2023,GM Group
1360,SAIC GM Wuling,2024,GM Group
1361,SAIC GM Wuling,2025,GM Group
1362,SAIC Maxus,2017,SAIC Group
1363,SAIC Maxus,2018,SAIC Group
1364,SAIC Maxus,2019,SAIC Group
1365,SAIC Maxus,2020,SAIC Group
1366,SAIC Maxus,2021,SAIC Group
1367,SAIC Maxus,2022,SAIC Group
1368,SAIC Maxus,2023,SAIC Group
1369,SAIC Maxus,2024,SAIC Group
1370,SAIC Maxus,2025,SAIC Group
1371,SAIC Passenger Vehicle,2012,SAIC Group
1372,SAIC Passenger Vehicle,2013,SAIC Group
1373,SAIC Passenger Vehicle,2014,SAIC Group
1374,SAIC Passenger Vehicle,2015,SAIC Group
1375,SAIC Passenger Vehicle,2016,SAIC Group
1376,SAIC Passenger Vehicle,2017,SAIC Group
1377,SAIC Passenger Vehicle,2018,SAIC Group
1378,SAIC Passenger Vehicle,2019,SAIC Group
1379,SAIC Passenger Vehicle,2020,SAIC Group
1380,SAIC Passenger Vehicle,2021,SAIC Group
1381,SAIC Passenger Vehicle,2022,SAIC Group
1382,SAIC Passenger Vehicle,2023,SAIC Group
1383,SAIC Passenger Vehicle,2024,SAIC Group
1384,SAIC Passenger Vehicle,2025,SAIC Group
1385,SAIC Volkswagen,2015,SAIC Group
1386,SAIC Volkswagen,2016,SAIC Group
1387,SAIC Volkswagen,2017,SAIC Group
1388,SAIC Volkswagen,2018,SAIC Group
1389,SAIC Volkswagen,2019,SAIC Group
1390,SAIC Volkswagen,2020,SAIC Group
1391,SAIC Volkswagen,2021,SAIC Group
1392,SAIC Volkswagen,2022,SAIC Group
1393,SAIC Volkswagen,2023,SAIC Group
1394,SAIC Volkswagen,2024,SAIC Group
1395,SEAT,2008,VW Group
1396,SEAT,2009,VW Group
1397,SEAT,2010,VW Group
1398,SEAT,2011,VW Group
1399,SEAT,2012,VW Group
1400,SEAT,2016,VW Group
1401,SEAT,2017,VW Group
1402,SEAT,2019,VW Group
1403,SEAT,2020,VW Group
1404,SEAT,2021,VW Group
1405,SEAT,2022,VW Group
1406,SEAT,2023,VW Group
1407,SEAT,2024,VW Group
1408,SEAT,2025,VW Group
1409,SERES,2023,Seres Group
1410,SERES,2024,Seres Group
1411,SINOTRUK,2021,Small and Medium OEM
1412,SINOTRUK,2022,Small and Medium OEM
1413,SINOTRUK,2025,Small and Medium OEM
1414,SITECH,2019,FAW (China FAW Group Corp.)
1415,SITECH,2020,FAW (China FAW Group Corp.)
1416,Saab,2008,GM Group
1417,Saab,2009,GM Group
1418,Saab,2010,Small and Medium OEM
1419,Saab,2012,Small and Medium OEM
1420,Saleen,2019,Small and Medium OEM
1421,Scania,2022,VW Group
1422,Shanghai GM,2010,SAIC Group
1423,Shanghai GM,2011,SAIC Group
1424,Shanghai GM,2012,SAIC Group
1425,Shanghai GM,2013,SAIC Group
1426,Shanghai GM,2014,SAIC Group
1427,Shanghai GM,2015,SAIC Group
1428,Shanghai GM,2016,SAIC Group
1429,Shanghai GM,2017,SAIC Group
1430,Shanghai GM,2018,SAIC Group
1431,Shanghai GM,2019,SAIC Group
1432,Shanghai GM,2021,SAIC Group
1433,Shanghai GM,2022,SAIC Group
1434,Shanghai GM Wuling,2014,GM Group
1435,Shanghai Volkswagen,2012,SAIC Group
1436,Shanghai Volkswagen,2013,SAIC Group
1437,Shanghai Volkswagen,2014,SAIC Group
1438,Shineray,2023,Small and Medium OEM
1439,Shineray,2024,Small and Medium OEM
1440,Sinogold,2017,Small and Medium OEM
1441,Skoda,2008,VW Group
1442,Skoda,2009,VW Group
1443,Skoda,2011,VW Group
1444,Skoda,2012,VW Group
1445,Skoda,2013,VW Group
1446,Skoda,2014,VW Group
1447,Skoda,2015,VW Group
1448,Skoda,2016,VW Group
1449,Skoda,2017,VW Group
1450,Skoda,2018,VW Group
1451,Skoda,2019,VW Group
1452,Skoda,2020,VW Group
1453,Skoda,2021,VW Group
1454,Skoda,2022,VW Group
1455,Skoda,2023,VW Group
1456,Skoda,2024,VW Group
1457,Skoda,2025,VW Group
1458,Skywell,2021,Small and Medium OEM
1459,Skywell,2023,Small and Medium OEM
1460,Skywell,2024,Small and Medium OEM
1461,Soueast,2012,FJMG
1462,Soueast,2013,FJMG
1463,Soueast,2015,FJMG
1464,Soueast,2016,FJMG
1465,Soueast,2017,FJMG
1466,Soueast,2018,FJMG
1467,Soueast,2019,FJMG
1468,Soueast,2020,FJMG
1469,Soueast,2021,FJMG
1470,Soueast,2022,FJMG
1471,SsangYong,2014,Mahindra & Mahindra
1472,SsangYong,2015,Mahindra & Mahindra
1473,SsangYong,2017,Mahindra & Mahindra
1474,SsangYong,2018,Mahindra & Mahindra
1475,SsangYong,2019,Mahindra & Mahindra
1476,SsangYong,2020,Mahindra & Mahindra
1477,SsangYong,2021,Mahindra & Mahindra
1478,SsangYong,2022,Mahindra & Mahindra
1479,Subaru,2008,Subaru
1480,Subaru,2010,Subaru
1481,Subaru,2011,Subaru
1482,Subaru,2012,Subaru
1483,Subaru,2013,Subaru
1484,Subaru,2014,Subaru
1485,Subaru,2015,Subaru
1486,Subaru,2016,Subaru
1487,Subaru,2017,Subaru
1488,Subaru,2018,Subaru
1489,Subaru,2019,Subaru
1490,Subaru,2020,Subaru
1491,Subaru,2021,Subaru
1492,Subaru,2022,Subaru
1493,Subaru,2023,Subaru
1494,Subaru,2024,Subaru
1495,Subaru,2025,Subaru
1496,Suzuki,2008,Suzuki
1497,Suzuki,2009,Suzuki
1498,Suzuki,2010,Suzuki
1499,Suzuki,2011,Suzuki
1500,Suzuki,2012,Suzuki
1501,Suzuki,2013,Suzuki
1502,Suzuki,2014,Suzuki
1503,Suzuki,2015,Suzuki
1504,Suzuki,2016,Suzuki
1505,Suzuki,2017,Suzuki
1506,Suzuki,2018,Suzuki
1507,Suzuki,2019,Suzuki
1508,Suzuki,2020,Suzuki
1509,Suzuki,2021,Suzuki
1510,Suzuki,2022,Suzuki
1511,Suzuki,2023,Suzuki
1512,Suzuki,2024,Suzuki
1513,Suzuki,2025,Suzuki
1514,TH!NK GLOBAL,2012,Small and Medium OEM
1515,Tata,2008,Tata Group
1516,Tata,2009,Tata Group
1517,Tata,2012,Tata Group
1518,Tata,2013,Tata Group
1519,Tata,2015,Tata Group
1520,Tata,2017,Tata Group
1521,Tata,2018,Tata Group
1522,Tata,2019,Tata Group
1523,Tata,2020,Tata Group
1524,Tata,2021,Tata Group
1525,Tata,2022,Tata Group
1526,Tata,2023,Tata Group
1527,Tata,2024,Tata Group
1528,Tata,2025,Tata Group
1529,Tesla,2015,Tesla
1530,Tesla,2016,Tesla
1531,Tesla,2018,Tesla
1532,Tesla,2019,Tesla
1533,Tesla,2020,Tesla
1534,Tesla,2021,Tesla
1535,Tesla,2022,Tesla
1536,Tesla,2023,Tesla
1537,Tesla,2024,Tesla
1538,Tesla China,2019,Tesla
1539,Tesla China,2020,Tesla
1540,Tesla China,2021,Tesla
1541,Tesla China,2022,Tesla
1542,Tesla China,2023,Tesla
1543,Tesla China,2024,Tesla
1544,Tesla China,2025,Tesla
1545,Tianjin FAW Xiali,2012,FAW (China FAW Group Corp.)
1546,Tianjin FAW Xiali,2013,FAW (China FAW Group Corp.)
1547,Tianjin FAW Xiali,2015,FAW (China FAW Group Corp.)
1548,Tianjin FAW Xiali,2016,FAW (China FAW Group Corp.)
1549,Tianjin FAW Xiali,2017,FAW (China FAW Group Corp.)
1550,Tianjin FAW Xiali,2018,FAW (China FAW Group Corp.)
1551,Toyota,2008,Toyota Group
1552,Toyota,2009,Toyota Group
1553,Toyota,2010,Toyota Group
1554,Toyota,2011,Toyota Group
1555,Toyota,2012,Toyota Group
1556,Toyota,2013,Toyota Group
1557,Toyota,2014,Toyota Group
1558,Toyota,2015,Toyota Group
1559,Toyota,2016,Toyota Group
1560,Toyota,2017,Toyota Group
1561,Toyota,2018,Toyota Group
1562,Toyota,2019,Toyota Group
1563,Toyota,2020,Toyota Group
1564,Toyota,2021,Toyota Group
1565,Toyota,2022,Toyota Group
1566,Toyota,2023,Toyota Group
1567,Toyota,2024,Toyota Group
1568,Toyota,2025,Toyota Group
1569,Traum,2018,Zotye Holding Group
1570,UAZ,2018,Sollers Group
1571,UAZ,2023,Sollers Group
1572,UAZ,2024,Sollers Group
1573,UD Trucks,2022,Volvo Trucks Group
1574,Uz-Daewoo,2014,GM Group
1575,VDL Bus & Coach,2023,VDL Group
1576,VOYAH Motor,2021,Dongfeng
1577,VOYAH Motor,2023,Dongfeng
1578,VOYAH Motor,2024,Dongfeng
1579,Victory Automobile,2019,Small and Medium OEM
1580,VinFast,2019,Small and Medium OEM
1581,VinFast,2021,Small and Medium OEM
1582,Volkswagen,2008,Small and Medium OEM
1583,Volkswagen,2009,Small and Medium OEM
1584,Volkswagen,2010,Small and Medium OEM
1585,Volkswagen,2011,Small and Medium OEM
1586,Volkswagen,2012,Small and Medium OEM
1587,Volkswagen,2013,Small and Medium OEM
1588,Volkswagen,2014,Small and Medium OEM
1589,Volkswagen,2015,Small and Medium OEM
1590,Volkswagen,2016,Small and Medium OEM
1591,Volkswagen,2017,Small and Medium OEM
1592,Volkswagen,2018,Small and Medium OEM
1593,Volkswagen,2019,Small and Medium OEM
1594,Volkswagen,2020,Small and Medium OEM
1595,Volkswagen,2021,Small and Medium OEM
1596,Volkswagen,2022,Small and Medium OEM
1597,Volkswagen,2023,Small and Medium OEM
1598,Volkswagen,2024,Small and Medium OEM
1599,Volkswagen,2025,Small and Medium OEM
1600,Volkswagen Anhui,2024,Small and Medium OEM
1601,Volta Trucks,2023,Small and Medium OEM
1602,Volvo Cars,2008,Ford Group
1603,Volvo Cars,2009,Ford Group
1604,Volvo Cars,2011,Geely Holding Group
1605,Volvo Cars,2012,Geely Holding Group
1606,Volvo Cars,2014,Geely Holding Group
1607,Volvo Cars,2015,Geely Holding Group
1608,Volvo Cars,2016,Geely Holding Group
1609,Volvo Cars,2017,Geely Holding Group
1610,Volvo Cars,2018,Geely Holding Group
1611,Volvo Cars,2019,Geely Holding Group
1612,Volvo Cars,2020,Geely Holding Group
1613,Volvo Cars,2021,Geely Holding Group
1614,Volvo Cars,2022,Geely Holding Group
1615,Volvo Cars,2023,Geely Holding Group
1616,Volvo Cars,2024,Geely Holding Group
1617,Volvo Cars Asia Pacific,2013,Geely Holding Group
1618,Volvo Cars Asia Pacific,2015,Geely Holding Group
1619,Volvo Cars Asia Pacific,2017,Geely Holding Group
1620,Volvo Cars Asia Pacific,2018,Geely Holding Group
1621,Volvo Cars Asia Pacific,2019,Geely Holding Group
1622,Volvo Cars Asia Pacific,2020,Geely Holding Group
1623,Volvo Cars Asia Pacific,2021,Geely Holding Group
1624,Volvo Cars Asia Pacific,2022,Geely Holding Group
1625,Volvo Cars Asia Pacific,2023,Geely Holding Group
1626,Volvo Cars Asia Pacific,2024,Geely Holding Group
1627,Volvo Trucks,2024,Volvo Trucks Group
1628,WM Motor,2019,Small and Medium OEM
1629,WM Motor,2020,Small and Medium OEM
1630,WM Motor,2021,Small and Medium OEM
1631,WM Motor,2022,Small and Medium OEM
1632,Weichai (Chongqing),2014,Small and Medium OEM
1633,Weichai (Chongqing),2016,Small and Medium OEM
1634,Weichai (Chongqing),2017,Small and Medium OEM
1635,Weichai (Chongqing),2018,Small and Medium OEM
1636,Weichai (Chongqing),2019,Small and Medium OEM
1637,Weichai (Chongqing),2020,Small and Medium OEM
1638,Wrightbus,2024,Small and Medium OEM
1639,Xiaomi,2024,Small and Medium OEM
1640,Xiaomi,2025,Small and Medium OEM
1641,Xpeng,2017,Xpeng
1642,Xpeng,2021,Xpeng
1643,Xpeng,2022,Xpeng
1644,Xpeng,2023,Xpeng
1645,Xpeng,2024,Xpeng
1646,Xpeng,2025,Xpeng
1647,Yema,2015,Small and Medium OEM
1648,Yema,2016,Small and Medium OEM
1649,Yema,2017,Small and Medium OEM
1650,Yema,2018,Small and Medium OEM
1651,Yema,2019,Small and Medium OEM
1652,Yema,2020,Small and Medium OEM
1653,Yema,2021,Small and Medium OEM
1654,Yudo New Energy,2018,FJMG
1655,Yudo New Energy,2019,FJMG
1656,Yudo New Energy,2021,FJMG
1657,Yueda Kia,2023,Small and Medium OEM
1658,Yueda Kia,2024,Small and Medium OEM
1659,Yulon,2020,Yulon Group
1660,Yulon,2024,Yulon Group
1661,ZEDRIV,2020,Small and Medium OEM
1662,Zhejiang Youngman Passenger Car,2014,Small and Medium OEM
1663,Zhejiang Youngman Passenger Car,2016,Small and Medium OEM
1664,Zhejiang Youngman Passenger Car,2018,Small and Medium OEM
1665,Zhengzhou Nissan,2012,Dongfeng
1666,Zhengzhou Nissan,2013,Dongfeng
1667,Zhengzhou Nissan,2014,Dongfeng
1668,Zhengzhou Nissan,2015,Dongfeng
1669,Zhengzhou Nissan,2016,Dongfeng
1670,Zhengzhou Nissan,2017,Dongfeng
1671,Zhengzhou Nissan,2018,Dongfeng
1672,Zhengzhou Nissan,2019,Dongfeng
1673,Zhengzhou Nissan,2020,Dongfeng
1674,Zhengzhou Nissan,2021,Dongfeng
1675,Zhengzhou Nissan,2022,Dongfeng
1676,Zhengzhou Nissan,2023,Dongfeng
1677,Zhengzhou Nissan,2024,Dongfeng
1678,Zhido,2017,Small and Medium OEM
1679,Zhido,2018,Small and Medium OEM
1680,Zhido,2024,Small and Medium OEM
1681,Zhongxing,2014,Small and Medium OEM
1682,Zhongxing,2015,Small and Medium OEM
1683,Zhongxing,2019,Small and Medium OEM
1684,Zhongxing,2020,Small and Medium OEM
1685,Zotye,2013,Zotye Holding Group
1686,Zotye,2014,Zotye Holding Group
1687,Zotye,2015,Zotye Holding Group
1688,Zotye,2016,Zotye Holding Group
1689,Zotye,2017,Zotye Holding Group
1690,Zotye,2018,Zotye Holding Group
1691,Zotye,2019,Zotye Holding Group
1692,Zotye,2020,Zotye Holding Group
1693,smart,2011,Daimler Group
1694,smart,2012,Daimler Group
1695,smart,2014,Daimler Group
1696,smart,2016,Daimler Group
1697,smart,2017,Daimler Group
1698,smart,2018,Daimler Group
1699,smart,2019,Daimler Group
1700,smart,2020,Daimler Group
1701,smart,2023,Mercedes-Benz Group
1702,smart,2024,Mercedes-Benz Group
